Index,ST_NAME,YEAR,AC,CANDIDATE,SEX,AGE,CATEGORY,PARTY,VOTES
335934,TELANGANA,2023,1 SIRPUR,1 DR.PALVAI HARISH BABU,M,44.0,GEN,BJP,63702
335935,TELANGANA,2023,1 SIRPUR,2 KONERU KONAPPA,M,69.0,GEN,BHRS,60614
335936,TELANGANA,2023,1 SIRPUR,3 R.S. PRAVEEN KUMAR,M,56.0,GEN,BSP,44646
335937,TELANGANA,2023,1 SIRPUR,4 RRAAVI SRINWASS,M,49.0,GEN,INC,8427
335938,TELANGANA,2023,1 SIRPUR,5 NOTA,NOTA,NOTA,NOTA,NOTA,2196
335939,TELANGANA,2023,1 SIRPUR,6 YELUMULE MANOHAR,M,29.0,GEN,IND,1813
335940,TELANGANA,2023,1 SIRPUR,7 DR.DESHAGANI SAMBASHIVA GOUD,M,45.0,GEN,IND,1324
335941,TELANGANA,2023,1 SIRPUR,8 DASARI VENKATESH,M,43.0,GEN,IND,1301
335942,TELANGANA,2023,1 SIRPUR,9 RAMTENKI AJAY KUMAR,M,41.0,SC,PRCP,1085
335943,TELANGANA,2023,1 SIRPUR,10 KAMRA NAGESH,M,33.0,SC,IPBP,627
335944,TELANGANA,2023,1 SIRPUR,11 DONGRI PRAVEEN KUMAR,M,33.0,SC,AIFB,360
335945,TELANGANA,2023,1 SIRPUR,12 PARCHAKI KESHAV RAO,M,50.0,ST,GGP,305
335946,TELANGANA,2023,1 SIRPUR,13 GAMTIDAS KHOBRAGADE,M,51.0,SC,NIP,246
335947,TELANGANA,2023,1 SIRPUR,14 JADI. DEEPAK,M,39.0,SC,RPI,234
335948,TELANGANA,2023,2 CHENNUR,1 VIVEK VENKAT SWAMY,M,66.0,SC,INC,87541
335949,TELANGANA,2023,2 CHENNUR,2 BALKA SUMAN,M,40.0,SC,BHRS,50026
335950,TELANGANA,2023,2 CHENNUR,3 DURGAM ASHOK,M,48.0,SC,BJP,3375
335951,TELANGANA,2023,2 CHENNUR,4 THUNGAPINDI RAMESH,M,45.0,SC,IND,2166
335952,TELANGANA,2023,2 CHENNUR,5 NOTA,NOTA,NOTA,NOTA,NOTA,1792
335953,TELANGANA,2023,2 CHENNUR,6 ASAMPELLY SAMPATH KUMAR,M,31.0,SC,IND,1444
335954,TELANGANA,2023,2 CHENNUR,7 DASARAPU SRINIVAS,M,48.0,SC,BSP,1398
335955,TELANGANA,2023,2 CHENNUR,8 NANDIPATI RAJU,M,35.0,SC,DHRMSMJP,948
335956,TELANGANA,2023,2 CHENNUR,9 MOTHE RAJALINGU,M,44.0,SC,SP(I),837
335957,TELANGANA,2023,2 CHENNUR,10 DURGAM SAMMAIAH,M,35.0,SC,IND,832
335958,TELANGANA,2023,2 CHENNUR,11 SOGALA SANJEEV,M,44.0,SC,AIFB,579
335959,TELANGANA,2023,2 CHENNUR,12 VADLAKONDA RAJAM,M,51.0,SC,TLGNARJYS,405
335960,TELANGANA,2023,2 CHENNUR,13 MOYYI VENUGOPAL,M,54.0,SC,BMUP,337
335961,TELANGANA,2023,2 CHENNUR,14 MAHESH SALLURI,M,28.0,SC,PS,304
335962,TELANGANA,2023,2 CHENNUR,15 MULKALLA RAJENDRA PRASAD,M,38.0,SC,AIMEP,246
335963,TELANGANA,2023,3 BELLAMPALLI,1 GADDAM VINOD,M,67.0,SC,INC,82217
335964,TELANGANA,2023,3 BELLAMPALLI,2 DURGAM CHINNAIAH,M,52.0,SC,BHRS,45339
335965,TELANGANA,2023,3 BELLAMPALLI,2 DURGAM CHINNAIAH,M,52.0,SC,BHRS,45339
335966,TELANGANA,2023,3 BELLAMPALLI,3 AMURAJULA SRIDEVI,F,51.0,SC,BJP,3812
335967,TELANGANA,2023,3 BELLAMPALLI,4 DAGAM SRINIVAS,M,44.0,SC,IND,2357
335968,TELANGANA,2023,3 BELLAMPALLI,5 NOTA,NOTA,NOTA,NOTA,NOTA,2179
335969,TELANGANA,2023,3 BELLAMPALLI,6 DURGE ESHWAR,M,38.0,SC,IND,1512
335970,TELANGANA,2023,3 BELLAMPALLI,7 SRINIVAS RAMTENKI,M,28.0,SC,RPI,1289
335971,TELANGANA,2023,3 BELLAMPALLI,8 NARSAIAH JADI,M,52.0,SC,BSP,1183
335972,TELANGANA,2023,3 BELLAMPALLI,9 AMBALA MAHENDAR,M,45.0,SC,IND,606
335973,TELANGANA,2023,3 BELLAMPALLI,10 RAMAGIRI SRIPATHI,M,39.0,SC,BCYP,387
335974,TELANGANA,2023,3 BELLAMPALLI,11 PERUGU RAVINDER,M,42.0,SC,SP(I),340
335975,TELANGANA,2023,3 BELLAMPALLI,12 JANGAPELLY RAMASWAMY,M,51.0,SC,DHRMSMJP,258
335976,TELANGANA,2023,3 BELLAMPALLI,13 PADMA YEDLA,F,43.0,SC,BMUP,198
335977,TELANGANA,2023,3 BELLAMPALLI,14 GOGARLA SHANKAR,M,51.0,SC,CPIM,186
335978,TELANGANA,2023,4 MANCHERIAL,1 KOKKIRALA PREMSAGAR RAO,M,63.0,GEN,INC,105945
335979,TELANGANA,2023,4 MANCHERIAL,2 RAGHUNATH VERABELLI,M,51.0,GEN,BJP,39829
335980,TELANGANA,2023,4 MANCHERIAL,3 DIWAKAR RAO NADIPELLI,M,71.0,GEN,BHRS,37989
335981,TELANGANA,2023,4 MANCHERIAL,4 SOULLA SANDEEP,M,35.0,GEN,IND,1890
335982,TELANGANA,2023,4 MANCHERIAL,5 THOTA SRINIVAS,M,41.0,GEN,BSP,1280
335983,TELANGANA,2023,4 MANCHERIAL,6 PRANAY GANGAREDDY,M,25.0,GEN,IND,1054
335984,TELANGANA,2023,4 MANCHERIAL,7 NOTA,NOTA,NOTA,NOTA,NOTA,942
335985,TELANGANA,2023,4 MANCHERIAL,8 HANUMANDLA SHANKAR,M,57.0,GEN,IND,740
335986,TELANGANA,2023,4 MANCHERIAL,9 NAHEEM PASHA MD,M,32.0,GEN,IND,636
335987,TELANGANA,2023,4 MANCHERIAL,10 RANGU MALLESHAM,M,53.0,GEN,IND,515
335988,TELANGANA,2023,4 MANCHERIAL,11 TALLURI VENKATESWARLU,M,48.0,GEN,IND,334
335989,TELANGANA,2023,4 MANCHERIAL,12 MD. IFTHAKAR AHMED,M,57.0,GEN,IND,295
335990,TELANGANA,2023,4 MANCHERIAL,13 ADUNURI RAMESH,M,48.0,GEN,DHRMSMJP,246
335991,TELANGANA,2023,4 MANCHERIAL,14 M. KRISHNA,M,48.0,GEN,IND,218
335992,TELANGANA,2023,4 MANCHERIAL,15 ANDE MANGA,F,44.0,GEN,IND,169
335993,TELANGANA,2023,4 MANCHERIAL,15 ANDE MANGA,F,44.0,GEN,IND,169
335994,TELANGANA,2023,4 MANCHERIAL,16 GORLAPALLY SURESH,M,29.0,SC,VTRP,164
335995,TELANGANA,2023,4 MANCHERIAL,17 CHERUKURI SHANTHI SREE,F,48.0,SC,BARESP,136
335996,TELANGANA,2023,4 MANCHERIAL,18 DOMMATI RAVI KUMAR,M,39.0,GEN,AIFB,128
335997,TELANGANA,2023,5 ASIFABAD,1 KOVA LAXMI,F,53.0,ST,BHRS,83052
335998,TELANGANA,2023,5 ASIFABAD,2 AJMERA SHYAM,M,53.0,ST,INC,60242
335999,TELANGANA,2023,5 ASIFABAD,3 KOTNAKA VIJAY KUMAR,M,40.0,ST,IND,16469
336000,TELANGANA,2023,5 ASIFABAD,4 AJMEERA ATHMARAO,M,38.0,ST,BJP,6613
336001,TELANGANA,2023,5 ASIFABAD,5 KANAKA PRABHAKAR,M,46.0,ST,BSP,3544
336002,TELANGANA,2023,5 ASIFABAD,6 AJMERA RAM NAYAK,M,46.0,ST,PRSHP,2567
336003,TELANGANA,2023,5 ASIFABAD,7 SIDAM ANNIGA,M,29.0,ST,IND,2093
336004,TELANGANA,2023,5 ASIFABAD,8 KOTNAKA KISHANRAO,M,45.0,ST,IND,1534
336005,TELANGANA,2023,5 ASIFABAD,9 NOTA,NOTA,NOTA,NOTA,NOTA,1516
336006,TELANGANA,2023,5 ASIFABAD,10 MESRAM NAVEEN KUMAR,M,32.0,ST,IND,1481
336007,TELANGANA,2023,5 ASIFABAD,11 VASANTH SINGH JADHAV,M,61.0,ST,IND,989
336008,TELANGANA,2023,5 ASIFABAD,12 PUSAM SONERAO,M,26.0,ST,IND,847
336009,TELANGANA,2023,5 ASIFABAD,13 REBBANA NAGARAJU,M,37.0,ST,IND,838
336010,TELANGANA,2023,5 ASIFABAD,14 ATHRAM GOVARDHAN,M,66.0,ST,GGP,759
336011,TELANGANA,2023,5 ASIFABAD,15 BHUKYA PALLAVI,F,40.0,ST,BMUP,664
336012,TELANGANA,2023,5 ASIFABAD,16 SHIDAM DHARMU,M,60.0,ST,IND,587
336013,TELANGANA,2023,5 ASIFABAD,17 GOVIND BUKYA,M,37.0,ST,JAC,463
336014,TELANGANA,2023,5 ASIFABAD,18 NUNAVAT TIRUPATI,M,34.0,ST,VTRP,408
336015,TELANGANA,2023,6 KHANAPUR,1 VEDMA. BHOJJU,M,37.0,ST,INC,58870
336016,TELANGANA,2023,6 KHANAPUR,2 JOHNSON NAIK BHUKYA,M,47.0,ST,BHRS,54168
336017,TELANGANA,2023,6 KHANAPUR,3 RAMESH RATHOD,M,57.0,ST,BJP,52398
336018,TELANGANA,2023,6 KHANAPUR,4 NOTA,NOTA,NOTA,NOTA,NOTA,2114
336019,TELANGANA,2023,6 KHANAPUR,5 BANSILAL RATHOD,M,38.0,ST,BSP,1706
336020,TELANGANA,2023,6 KHANAPUR,6 NETHAVATH RAJENDER,M,32.0,ST,IND,1294
336021,TELANGANA,2023,6 KHANAPUR,7 ATHRAM RAVINDHAR,M,41.0,ST,IND,1245
336022,TELANGANA,2023,6 KHANAPUR,8 ASHA REDDY BONTHA,M,55.0,ST,GGP,1068
336023,TELANGANA,2023,6 KHANAPUR,9 MOHAN,M,63.0,ST,IND,573
336024,TELANGANA,2023,6 KHANAPUR,10 PENDOOR PRIYANKA,F,33.0,ST,CPIM,364
336025,TELANGANA,2023,6 KHANAPUR,10 PENDOOR PRIYANKA,F,33.0,ST,CPIM,364
336026,TELANGANA,2023,6 KHANAPUR,11 JADHAV PRABAS,M,33.0,ST,DHRMSMJP,267
336027,TELANGANA,2023,6 KHANAPUR,12 KUTHATI VIJAYA,F,44.0,ST,PPOI,172
336028,TELANGANA,2023,7 ADILABAD,1 PAYAL SHANKER,M,52.0,GEN,BJP,67608
336029,TELANGANA,2023,7 ADILABAD,2 JOGU RAMANNA,M,60.0,GEN,BHRS,60916
336030,TELANGANA,2023,7 ADILABAD,3 KANDI SRINIVASA REDDY,M,40.0,GEN,INC,47724
336031,TELANGANA,2023,7 ADILABAD,4 ALLURI SANJEEVA REDDY,M,65.0,GEN,IND,1946
336032,TELANGANA,2023,7 ADILABAD,5 ASLAM,M,36.0,GEN,IND,1391
336033,TELANGANA,2023,7 ADILABAD,6 KALAMADUGU VIJAY KUMAR,M,55.0,GEN,IND,1173
336034,TELANGANA,2023,7 ADILABAD,7 TAKSANDE DHARMAPAL,M,37.0,SC,IND,1058
336035,TELANGANA,2023,7 ADILABAD,8 GEDAM JANARDHAN,M,53.0,ST,IND,945
336036,TELANGANA,2023,7 ADILABAD,9 TAKBIDE PANDIT RAO,M,75.0,GEN,IND,878
336037,TELANGANA,2023,7 ADILABAD,10 AGGIMALLA GANESH,M,37.0,SC,DHRMSMJP,801
336038,TELANGANA,2023,7 ADILABAD,11 BHUPENDER,M,26.0,GEN,AODRP,769
336039,TELANGANA,2023,7 ADILABAD,12 NOTA,NOTA,NOTA,NOTA,NOTA,592
336040,TELANGANA,2023,7 ADILABAD,13 ANNAM PREM DEVENDER,M,47.0,GEN,IND,550
336041,TELANGANA,2023,7 ADILABAD,14 VOTER CAR SURESH,M,36.0,SC,YGATLSIP,294
336042,TELANGANA,2023,7 ADILABAD,15 KEMA SRINIVAS,M,34.0,GEN,PEP,240
336043,TELANGANA,2023,7 ADILABAD,16 SURYAVAMSHI VIDHYASAGAR,M,39.0,SC,BMUP,231
336044,TELANGANA,2023,7 ADILABAD,17 KAMLE BHAGAVAN,M,34.0,SC,RPI,231
336045,TELANGANA,2023,7 ADILABAD,18 NAGANNA GALIPELLI,M,33.0,SC,IND,175
336046,TELANGANA,2023,7 ADILABAD,19 GUDEPELLY GNANESH,M,27.0,GEN,BCYP,166
336047,TELANGANA,2023,7 ADILABAD,20 THUMRAM CHANDRA SHAV,M,38.0,ST,GGP,163
336048,TELANGANA,2023,7 ADILABAD,21 VAGMARE ABISHEK,M,43.0,SC,IND,163
336049,TELANGANA,2023,7 ADILABAD,22 BEDODKAR GANESH,M,35.0,GEN,IND,157
336050,TELANGANA,2023,7 ADILABAD,23 SUBASH NAVATE,M,49.0,GEN,IND,150
336051,TELANGANA,2023,7 ADILABAD,24 BANU RAJESHWAR RAO,M,64.0,GEN,IND,123
336052,TELANGANA,2023,7 ADILABAD,25 ELCHARWAR SATHYANARAYANA,M,35.0,GEN,BALP,117
336053,TELANGANA,2023,7 ADILABAD,26 MUNDE PRAVEEN KUMAR,M,25.0,GEN,IND,91
336054,TELANGANA,2023,8 BOATH,1 ANIL JADHAV,M,49.0,ST,BHRS,76792
336055,TELANGANA,2023,8 BOATH,2 SOYAM BAPURAO,M,54.0,ST,BJP,53992
336056,TELANGANA,2023,8 BOATH,3 AADE GAJENDER,M,44.0,ST,INC,32797
336057,TELANGANA,2023,8 BOATH,4 NOTA,NOTA,NOTA,NOTA,NOTA,2565
336058,TELANGANA,2023,8 BOATH,5 MESRAM JANGUBAPU,M,34.0,ST,BSP,2071
336059,TELANGANA,2023,8 BOATH,6 UHIKEA HEERAJI,M,45.0,ST,RAJPA,1391
336060,TELANGANA,2023,8 BOATH,7 TODASAM DHANALAXMI,F,40.0,ST,IND,1235
336061,TELANGANA,2023,8 BOATH,8 UIKKE UMESH,M,33.0,ST,DHRMSMJP,1017
336062,TELANGANA,2023,8 BOATH,9 JADHAV BHOJYA NAIK,M,51.0,ST,IND,878
336063,TELANGANA,2023,8 BOATH,10 ADE SUNIL KUMAR,M,33.0,ST,BCYP,682
336064,TELANGANA,2023,8 BOATH,11 BADU NAITHAM,M,42.0,ST,GGP,598
336065,TELANGANA,2023,9 NIRMAL,1 ALLETI MAHESHWAR REDDY,M,54.0,GEN,BJP,106400
336066,TELANGANA,2023,9 NIRMAL,2 ALLOLA INDRAKARAN REDDY,M,74.0,GEN,BHRS,55697
336067,TELANGANA,2023,9 NIRMAL,3 K. SRIHARI RAO,M,62.0,GEN,INC,28642
336068,TELANGANA,2023,9 NIRMAL,3 K. SRIHARI RAO,M,62.0,GEN,INC,28642
336069,TELANGANA,2023,9 NIRMAL,4 NOTA,NOTA,NOTA,NOTA,NOTA,1526
336070,TELANGANA,2023,9 NIRMAL,5 SUDHARSHAN,M,47.0,ST,IND,1161
336071,TELANGANA,2023,9 NIRMAL,6 DEVATHA JAGAN MOHAN,M,48.0,SC,BSP,959
336072,TELANGANA,2023,9 NIRMAL,7 MALLESH MADDIKUNTA,M,39.0,ST,IND,836
336073,TELANGANA,2023,9 NIRMAL,8 MANTHENA INDRAKARAN REDDY,M,46.0,GEN,AODRP,409
336074,TELANGANA,2023,9 NIRMAL,9 GORRE LINGANNA,M,61.0,SC,BMUP,335
336075,TELANGANA,2023,9 NIRMAL,10 BURKA RAJENDER,M,34.0,SC,IND,286
336076,TELANGANA,2023,9 NIRMAL,11 DEVOLLA RAJU,M,30.0,GEN,IND,239
336077,TELANGANA,2023,9 NIRMAL,12 RAVINDHAR RAMAGIRI,M,37.0,SC,DHRMSMJP,175
336078,TELANGANA,2023,9 NIRMAL,13 PARIKIPANDLA SWADESH,M,40.0,GEN,AIFB,138
336079,TELANGANA,2023,9 NIRMAL,14 KHAJA NAYEEM UDDIN MOHAMMAD,M,57.0,GEN,IND,128
336080,TELANGANA,2023,10 MUDHOLE,1 RAM RAO PAWAR,M,69.0,GEN,BJP,98252
336081,TELANGANA,2023,10 MUDHOLE,2 GADDIGARI VITTAL REDDY,M,69.0,GEN,BHRS,74253
336082,TELANGANA,2023,10 MUDHOLE,3 BHOSLE NARAYAN RAO PATIL,M,64.0,GEN,INC,15588
336083,TELANGANA,2023,10 MUDHOLE,4 MANMOHAN JADHAV,M,31.0,GEN,IND,4939
336084,TELANGANA,2023,10 MUDHOLE,5 VINOD KUMAR SHARADARAO,M,44.0,SC,BSP,3292
336085,TELANGANA,2023,10 MUDHOLE,6 NOTA,NOTA,NOTA,NOTA,NOTA,1906
336086,TELANGANA,2023,10 MUDHOLE,7 SANJU HEMLE,M,47.0,SC,IND,1442
336087,TELANGANA,2023,10 MUDHOLE,8 POTHARAJU SUDHAKAR,M,37.0,GEN,IND,560
336088,TELANGANA,2023,10 MUDHOLE,9 JADHAV DATTURAM,M,33.0,GEN,IND,471
336089,TELANGANA,2023,10 MUDHOLE,10 DEVIDAS HASDE,M,46.0,SC,RPI,296
336090,TELANGANA,2023,10 MUDHOLE,11 KASARAM RAJU,M,30.0,SC,DHRMSMJP,291
336091,TELANGANA,2023,10 MUDHOLE,12 JADHAV DEVIDAS,M,41.0,ST,IND,283
336092,TELANGANA,2023,10 MUDHOLE,13 ELUGUDAR PRAVEEN,M,30.0,GEN,IND,252
336093,TELANGANA,2023,10 MUDHOLE,14 BADDAM BHOJA REDDY,M,52.0,GEN,AIFB,218
336094,TELANGANA,2023,10 MUDHOLE,15 GOREKAR VIJAY,M,42.0,SC,IPBP,159
336095,TELANGANA,2023,11 ARMUR,1 PAIDI RAKESH REDDY,M,56.0,GEN,BJP,72658
336096,TELANGANA,2023,11 ARMUR,2 PRODDUTURI VINAY KUMAR REDDY,M,49.0,GEN,INC,42989
336097,TELANGANA,2023,11 ARMUR,3 ASHANNAGARI JEEVAN REDDY,M,47.0,GEN,BHRS,39395
336098,TELANGANA,2023,11 ARMUR,4 NOTA,NOTA,NOTA,NOTA,NOTA,1499
336099,TELANGANA,2023,11 ARMUR,5 CHERUKU PREM KUMAR,M,43.0,SC,DHRMSMJP,1477
336100,TELANGANA,2023,11 ARMUR,6 GANDIKOTA RAJANNA,M,49.0,GEN,BSP,1390
336101,TELANGANA,2023,11 ARMUR,7 NYALAPATLA PRANAY GOUD,M,25.0,GEN,IND,945
336102,TELANGANA,2023,11 ARMUR,8 GANGADHAR MYAKA,M,65.0,GEN,IND,462
336103,TELANGANA,2023,11 ARMUR,9 SUNKE.SRINIVAS,M,49.0,GEN,IND,368
336104,TELANGANA,2023,11 ARMUR,10 KOTAGIRI SRINIVAS,M,56.0,GEN,IND,200
336105,TELANGANA,2023,11 ARMUR,11 SK MAJID,M,33.0,GEN,MBT,117
336106,TELANGANA,2023,11 ARMUR,12 PALLAVULA RAMA KRISHNA REDDY,M,37.0,GEN,BCYP,114
336107,TELANGANA,2023,11 ARMUR,13 TALLAPALLY SHEKARAIAH,M,29.0,GEN,VTRP,106
336108,TELANGANA,2023,11 ARMUR,14 RUTHE RAVI,M,33.0,GEN,BALP,106
336109,TELANGANA,2023,12 BODHAN,1 P. SUDARSHAN REDDY,M,73.0,GEN,INC,66963
336110,TELANGANA,2023,12 BODHAN,2 MOHAMMED SHAKIL AAMIR,M,47.0,GEN,BHRS,63901
336111,TELANGANA,2023,12 BODHAN,3 MOHAN REDDY VADDI,M,56.0,GEN,BJP,33555
336112,TELANGANA,2023,12 BODHAN,4 HANMAJI BHOOPAL REDDY,M,34.0,GEN,AODRP,1591
336113,TELANGANA,2023,12 BODHAN,5 AMARNATH BABU. M,M,65.0,GEN,BSP,1425
336114,TELANGANA,2023,12 BODHAN,6 NOTA,NOTA,NOTA,NOTA,NOTA,872
336115,TELANGANA,2023,12 BODHAN,7 D. NAGARAJ,M,40.0,GEN,AIFB,663
336116,TELANGANA,2023,12 BODHAN,8 SYED ASGAR,M,46.0,GEN,IND,636
336117,TELANGANA,2023,12 BODHAN,9 A. SUDARSHAN RAJ,M,61.0,SC,IND,523
336118,TELANGANA,2023,12 BODHAN,10 SHEK JALEEL,M,44.0,GEN,IND,520
336119,TELANGANA,2023,12 BODHAN,11 MOSIN,M,35.0,GEN,MCPI,481
336120,TELANGANA,2023,12 BODHAN,12 JUNAID AHMED KHALEEL,M,40.0,GEN,IND,303
336121,TELANGANA,2023,12 BODHAN,13 SHARJEEL PARVEZ,M,49.0,GEN,AIMEIEM,202
336122,TELANGANA,2023,12 BODHAN,14 MURALI SAYAM,M,31.0,SC,DHRMSMJP,171
336123,TELANGANA,2023,12 BODHAN,15 RAJITHA VANI,F,50.0,SC,PPOI,123
336124,TELANGANA,2023,13 JUKKAL,1 LAXMI KANTHA RAO THOTA,M,53.0,SC,INC,64489
336125,TELANGANA,2023,13 JUKKAL,2 HANMANT SHINDE,M,57.0,SC,BHRS,63337
336126,TELANGANA,2023,13 JUKKAL,3 ARUNA THARA T,F,50.0,SC,BJP,28437
336127,TELANGANA,2023,13 JUKKAL,4 EKAMBEKAR PRAGNA KUMAR,M,49.0,SC,BSP,1809
336128,TELANGANA,2023,13 JUKKAL,5 G. LAXMI,F,32.0,SC,IND,1038
336129,TELANGANA,2023,13 JUKKAL,6 GAMA SANJEEV,M,30.0,SC,IND,965
336130,TELANGANA,2023,13 JUKKAL,7 GAIKWAD PRAKASH,M,62.0,SC,IND,780
336131,TELANGANA,2023,13 JUKKAL,8 KANDARPALLY KASHINATH,M,28.0,SC,BMUP,599
336132,TELANGANA,2023,13 JUKKAL,9 VAGMARE GANGADHAR,M,44.0,SC,NRCP,511
336133,TELANGANA,2023,13 JUKKAL,10 NOTA,NOTA,NOTA,NOTA,NOTA,469
336134,TELANGANA,2023,13 JUKKAL,11 JUPAKA SHYAMALA,F,33.0,SC,IND,463
336135,TELANGANA,2023,13 JUKKAL,12 GAINI PREM KUMAR,M,39.0,SC,IND,396
336136,TELANGANA,2023,13 JUKKAL,13 GATTUGALLA VITTAL,M,28.0,SC,IND,341
336137,TELANGANA,2023,13 JUKKAL,14 ANIL KUMAR BUDDI,M,32.0,SC,IND,204
336138,TELANGANA,2023,13 JUKKAL,15 BHOOMAIAH PONAGANTIWARI,M,36.0,SC,DHRMSMJP,200
336139,TELANGANA,2023,13 JUKKAL,15 BHOOMAIAH PONAGANTIWARI,M,36.0,SC,DHRMSMJP,200
336140,TELANGANA,2023,13 JUKKAL,16 BOGUDAMEEDA SAILU,M,51.0,SC,TLGNARJYS,187
336141,TELANGANA,2023,13 JUKKAL,17 GAJGE RAJU,M,27.0,SC,IPBP,162
336142,TELANGANA,2023,13 JUKKAL,18 BAABU. R,M,38.0,SC,BAHUBP,152
336143,TELANGANA,2023,14 BANSWADA,1 SRINIVAS REDDY PARIGE (POCHARAM),M,74.0,GEN,BHRS,76278
336144,TELANGANA,2023,14 BANSWADA,2 EANUGU RAVINDER REDDY,M,58.0,GEN,INC,52814
336145,TELANGANA,2023,14 BANSWADA,3 LAXMI NARAYANA YENDALA,M,60.0,GEN,BJP,23685
336146,TELANGANA,2023,14 BANSWADA,4 PUTTA BHASKAR,M,31.0,GEN,IND,3671
336147,TELANGANA,2023,14 BANSWADA,4 PUTTA BHASKAR,M,31.0,GEN,IND,3671
336148,TELANGANA,2023,14 BANSWADA,5 NEERADI ESHWAR,M,43.0,SC,BSP,1435
336149,TELANGANA,2023,14 BANSWADA,6 NOTA,NOTA,NOTA,NOTA,NOTA,1012
336150,TELANGANA,2023,14 BANSWADA,7 SRIKANTH TOTA,M,45.0,GEN,DHRMSMJP,843
336151,TELANGANA,2023,14 BANSWADA,8 SUBHASH DEME,M,59.0,GEN,IND,341
336152,TELANGANA,2023,15 YELLAREDDY,1 MADAN MOHAN RAO. K,M,54.0,GEN,INC,86989
336153,TELANGANA,2023,15 YELLAREDDY,2 SURENDAR JAJALA,M,50.0,GEN,BHRS,62988
336154,TELANGANA,2023,15 YELLAREDDY,3 BANSWADA SUBHASH REDDY,M,60.0,GEN,BJP,27000
336155,TELANGANA,2023,15 YELLAREDDY,4 JAMUNA RATHLA,F,47.0,ST,BSP,1973
336156,TELANGANA,2023,15 YELLAREDDY,5 NOTA,NOTA,NOTA,NOTA,NOTA,1300
336157,TELANGANA,2023,15 YELLAREDDY,6 SHAMBUGALLA LAXMAIAH,M,40.0,SC,DHRMSMJP,894
336158,TELANGANA,2023,15 YELLAREDDY,7 GURRAPU PEDDAKOLLA JAI KUMAR,M,30.0,GEN,BCYP,867
336159,TELANGANA,2023,15 YELLAREDDY,8 AMAR SINGH BAMAN,M,43.0,GEN,IND,736
336160,TELANGANA,2023,15 YELLAREDDY,9 MUDRICHA SUBHASH,M,29.0,ST,GNASURKP,681
336161,TELANGANA,2023,15 YELLAREDDY,10 MYATHARI SANJEEVULU,M,27.0,SC,IND,552
336162,TELANGANA,2023,15 YELLAREDDY,11 BALRAJU TALARI,M,42.0,SC,PRSHP,459
336163,TELANGANA,2023,15 YELLAREDDY,12 SRINIVAS BADHAVATH,M,33.0,ST,VTRP,361
336164,TELANGANA,2023,16 KAMAREDDY,1 KATIPALLY VENKATA RAMANA REDDY,M,53.0,GEN,BJP,66652
336165,TELANGANA,2023,16 KAMAREDDY,2 KALVAKUNTLA CHANDRASHEKAR RAO,M,69.0,GEN,BHRS,59911
336166,TELANGANA,2023,16 KAMAREDDY,3 ANUMULA REVANTH REDDY,M,56.0,GEN,INC,54916
336167,TELANGANA,2023,16 KAMAREDDY,4 RAVI NAYAK BHUKYA,M,36.0,ST,IND,1823
336168,TELANGANA,2023,16 KAMAREDDY,5 UDTHAWAR SURESH GOUD,M,48.0,GEN,BSP,1201
336169,TELANGANA,2023,16 KAMAREDDY,6 RAJAGIRI SANTHOSH REDDY,M,27.0,GEN,IND,736
336170,TELANGANA,2023,16 KAMAREDDY,7 AKULA HAREESH,M,28.0,GEN,IND,534
336171,TELANGANA,2023,16 KAMAREDDY,8 AKULA HANMANDLU,M,50.0,GEN,PRJSNP,484
336172,TELANGANA,2023,16 KAMAREDDY,9 NOTA,NOTA,NOTA,NOTA,NOTA,474
336173,TELANGANA,2023,16 KAMAREDDY,10 ARROLLA NARESH,M,29.0,GEN,IND,403
336174,TELANGANA,2023,16 KAMAREDDY,11 SIDDIRAMULU SIRIGADHA,M,51.0,GEN,BLFP,340
336175,TELANGANA,2023,16 KAMAREDDY,12 RUPAVATH KONDAIAH,M,38.0,ST,IND,323
336176,TELANGANA,2023,16 KAMAREDDY,13 BODASU NARSIMLU,M,37.0,GEN,IND,323
336177,TELANGANA,2023,16 KAMAREDDY,14 MOHAMMAD TAHER BIN AHMED,M,37.0,GEN,IND,320
336178,TELANGANA,2023,16 KAMAREDDY,15 DANDU DHANUNJAY,M,29.0,GEN,URTP,308
336179,TELANGANA,2023,16 KAMAREDDY,16 KANTE SAYANNA,M,45.0,GEN,IND,300
336180,TELANGANA,2023,16 KAMAREDDY,17 UGRAWAI BOLESHWER,M,37.0,SC,DHRMSMJP,298
336181,TELANGANA,2023,16 KAMAREDDY,18 MOHAMMED ARIF,M,47.0,GEN,RPI,285
336182,TELANGANA,2023,16 KAMAREDDY,19 KOTAGIRI SRINIVAS,M,56.0,GEN,YGATLSIP,249
336183,TELANGANA,2023,16 KAMAREDDY,20 BARIGELA SHIVA,M,31.0,SC,IND,249
336184,TELANGANA,2023,16 KAMAREDDY,21 MADISHETTY THIRUPATHI,M,39.0,GEN,IND,248
336185,TELANGANA,2023,16 KAMAREDDY,22 GABBULA NAGENDAR,M,54.0,GEN,IND,236
336186,TELANGANA,2023,16 KAMAREDDY,23 PAMPARI NARSIMHA NARENDER,M,45.0,GEN,RDHP,216
336187,TELANGANA,2023,16 KAMAREDDY,24 CHEVULA PARSHURAMULU,M,32.0,GEN,IND,203
336188,TELANGANA,2023,16 KAMAREDDY,25 HASSAN SHAIK,M,35.0,GEN,IND,186
336189,TELANGANA,2023,16 KAMAREDDY,26 KUNTA RAVI,M,31.0,GEN,IND,167
336190,TELANGANA,2023,16 KAMAREDDY,27 JUKANTI ANJAL REDDY,M,45.0,GEN,IND,157
336191,TELANGANA,2023,16 KAMAREDDY,28 BAABU R,M,38.0,GEN,BUJNBHRTP,151
336192,TELANGANA,2023,16 KAMAREDDY,29 BHARGAVI MANGILIPALLY,F,40.0,GEN,IND,144
336193,TELANGANA,2023,16 KAMAREDDY,30 DODLE RAJENDER,M,40.0,GEN,IND,143
336194,TELANGANA,2023,16 KAMAREDDY,31 KANYAKA PRASANNA.S,F,61.0,GEN,BMUP,126
336195,TELANGANA,2023,16 KAMAREDDY,32 KATIKAM SANGA REDDY,M,42.0,GEN,IND,120
336196,TELANGANA,2023,16 KAMAREDDY,33 MOHAMMED KHALEELULLAH,M,38.0,GEN,IND,112
336197,TELANGANA,2023,16 KAMAREDDY,34 NILA NAGARAJU,M,34.0,GEN,IND,93
336198,TELANGANA,2023,16 KAMAREDDY,35 VENKANNA GUGULOTHU,M,40.0,ST,IND,89
336199,TELANGANA,2023,16 KAMAREDDY,36 KANUGANTI RAJU,M,57.0,GEN,AIFB,84
336200,TELANGANA,2023,16 KAMAREDDY,37 B.B.NAIK,M,48.0,ST,IND,81
336201,TELANGANA,2023,16 KAMAREDDY,38 BANTHILAL MANJA,M,46.0,ST,IND,78
336202,TELANGANA,2023,16 KAMAREDDY,39 SHAIK ABDUL WAHED,M,41.0,GEN,IND,64
336203,TELANGANA,2023,16 KAMAREDDY,40 CHANDRA SEKHAR CHALIKA,M,43.0,GEN,IND,62
336204,TELANGANA,2023,17 NIZAMABAD (URBAN),1 DHANPAL SURYANARAYANA,M,65.0,GEN,BJP,75240
336205,TELANGANA,2023,17 NIZAMABAD (URBAN),2 MOHAMMED ALI SHABBIR,M,65.0,GEN,INC,59853
336206,TELANGANA,2023,17 NIZAMABAD (URBAN),3 GANESH BIGALA,M,54.0,GEN,BHRS,44829
336207,TELANGANA,2023,17 NIZAMABAD (URBAN),4 NOTA,NOTA,NOTA,NOTA,NOTA,538
336208,TELANGANA,2023,17 NIZAMABAD (URBAN),5 NALLURI RAJESH,M,38.0,GEN,IND,512
336209,TELANGANA,2023,17 NIZAMABAD (URBAN),6 SHAIK IMRAN,M,30.0,GEN,BSP,483
336210,TELANGANA,2023,17 NIZAMABAD (URBAN),7 YAMAGANTI KANNAIAH GOUD,M,29.0,GEN,AODRP,475
336211,TELANGANA,2023,17 NIZAMABAD (URBAN),8 PADAKANTI RAMU,M,38.0,GEN,IND,391
336212,TELANGANA,2023,17 NIZAMABAD (URBAN),9 MD AZEEM QURESHI,M,37.0,GEN,IND,305
336213,TELANGANA,2023,17 NIZAMABAD (URBAN),10 LAKKA ASHOK,M,60.0,GEN,URTP,303
336214,TELANGANA,2023,17 NIZAMABAD (URBAN),11 FAZAL KAREEM,M,33.0,GEN,IND,268
336215,TELANGANA,2023,17 NIZAMABAD (URBAN),12 BADAVATH LALITHA,F,36.0,ST,IND,205
336216,TELANGANA,2023,17 NIZAMABAD (URBAN),13 GANGALE SANJEEV,M,55.0,SC,RPI,138
336217,TELANGANA,2023,17 NIZAMABAD (URBAN),14 RAGI ANIL,M,42.0,GEN,IND,114
336218,TELANGANA,2023,17 NIZAMABAD (URBAN),14 RAGI ANIL,M,42.0,GEN,IND,114
336219,TELANGANA,2023,17 NIZAMABAD (URBAN),15 MOGILI RAJKUMAR,M,45.0,GEN,IPBP,111
336220,TELANGANA,2023,17 NIZAMABAD (URBAN),16 DANDI LATHA,F,48.0,GEN,BLFP,106
336221,TELANGANA,2023,17 NIZAMABAD (URBAN),17 YAMAGANTI NARENDHAR GOUD,M,58.0,GEN,YGATLSIP,105
336222,TELANGANA,2023,17 NIZAMABAD (URBAN),18 OM SHANKAR GANDLA,M,42.0,GEN,DHRMSMJP,95
336223,TELANGANA,2023,17 NIZAMABAD (URBAN),19 ALI MANSOOR,M,35.0,GEN,AYSRCP,83
336224,TELANGANA,2023,17 NIZAMABAD (URBAN),20 MOHAMMED ZAHEER UDDIN,M,55.0,GEN,MBT,79
336225,TELANGANA,2023,17 NIZAMABAD (URBAN),21 RAPELLY SRINIVAS,M,48.0,GEN,IND,63
336226,TELANGANA,2023,17 NIZAMABAD (URBAN),22 DATTURAM KHATAL,M,45.0,GEN,RSPS,36
336227,TELANGANA,2023,18 NIZAMABAD (RURAL),1 BHOOPATHI REDDY REKULAPALLY,M,59.0,GEN,INC,78378
336228,TELANGANA,2023,18 NIZAMABAD (RURAL),2 GOVERDHAN BAJIREDDY,M,69.0,GEN,BHRS,56415
336229,TELANGANA,2023,18 NIZAMABAD (RURAL),3 DINESH KUMAR KULACHARI,M,51.0,GEN,BJP,49723
336230,TELANGANA,2023,18 NIZAMABAD (RURAL),4 MATTAMLA SHEKHAR,M,42.0,GEN,BSP,2293
336231,TELANGANA,2023,18 NIZAMABAD (RURAL),5 NOTA,NOTA,NOTA,NOTA,NOTA,2268
336232,TELANGANA,2023,18 NIZAMABAD (RURAL),6 BALARAJU GUGULOTH,M,39.0,ST,IND,1730
336233,TELANGANA,2023,18 NIZAMABAD (RURAL),7 BODDU GANGA REDDY,M,71.0,GEN,IND,1096
336234,TELANGANA,2023,18 NIZAMABAD (RURAL),8 PRASHANTH RAVUTLA,M,29.0,SC,DHRMSMJP,1007
336235,TELANGANA,2023,18 NIZAMABAD (RURAL),8 PRASHANTH RAVUTLA,M,29.0,SC,DHRMSMJP,1007
336236,TELANGANA,2023,18 NIZAMABAD (RURAL),9 CHIMARLA RAJESHWAR,M,41.0,GEN,IND,386
336237,TELANGANA,2023,18 NIZAMABAD (RURAL),10 ARA SUKESH KUMAR,M,28.0,GEN,IND,376
336238,TELANGANA,2023,18 NIZAMABAD (RURAL),11 B.B.NAIK,M,48.0,ST,IND,359
336239,TELANGANA,2023,18 NIZAMABAD (RURAL),12 DEGAVATH SHIVARAM,M,45.0,ST,IND,327
336240,TELANGANA,2023,18 NIZAMABAD (RURAL),13 METHRI RAJASHEKAR,M,31.0,SC,MCPI,282
336241,TELANGANA,2023,18 NIZAMABAD (RURAL),14 KALA SRINIVAS,M,42.0,GEN,RPI,224
336242,TELANGANA,2023,18 NIZAMABAD (RURAL),15 PRASANNA KUMAR,M,36.0,GEN,BCYP,154
336243,TELANGANA,2023,19 BALKONDA,1 PRASHANTH REDDY VEMULA,M,57.0,GEN,BHRS,70417
336244,TELANGANA,2023,19 BALKONDA,2 SUNIL KUMAR MUTHYALA,M,45.0,GEN,INC,65884
336245,TELANGANA,2023,19 BALKONDA,3 ANNAPURNA DEVI ALETI,F,68.0,GEN,BJP,30250
336246,TELANGANA,2023,19 BALKONDA,4 GADDE SRINIVAS,M,55.0,GEN,AODRP,3313
336247,TELANGANA,2023,19 BALKONDA,5 PALLIKONDA NARSAIAH,M,67.0,GEN,BSP,1228
336248,TELANGANA,2023,19 BALKONDA,6 NOTA,NOTA,NOTA,NOTA,NOTA,1162
336249,TELANGANA,2023,19 BALKONDA,7 BHOJANNA MANGLARAM,M,35.0,SC,DHRMSMJP,935
336250,TELANGANA,2023,19 BALKONDA,8 CHETPALLY SHEKAR,M,31.0,GEN,BCYP,868
336251,TELANGANA,2023,19 BALKONDA,9 ABBAGONI ASHOK GOUD,M,41.0,GEN,BLFP,782
336252,TELANGANA,2023,20 KORATLA,1 KALVAKUNTLA SANJAY,M,47.0,GEN,BHRS,72115
336253,TELANGANA,2023,20 KORATLA,2 ARVIND DHARMAPURI,M,47.0,GEN,BJP,61810
336254,TELANGANA,2023,20 KORATLA,3 NARSINGA RAO JUVVADI,M,61.0,GEN,INC,39647
336255,TELANGANA,2023,20 KORATLA,3 NARSINGA RAO JUVVADI,M,61.0,GEN,INC,39647
336256,TELANGANA,2023,20 KORATLA,4 NISHANTH KARTHIKEYA PUDHARI,M,39.0,GEN,BSP,2466
336257,TELANGANA,2023,20 KORATLA,5 MUTHYAM RAGHU,M,34.0,GEN,IND,2141
336258,TELANGANA,2023,20 KORATLA,6 NOTA,NOTA,NOTA,NOTA,NOTA,1391
336259,TELANGANA,2023,20 KORATLA,7 VEMULA VIKRAM REDDY,M,30.0,GEN,IND,1376
336260,TELANGANA,2023,20 KORATLA,8 MD. RASHEED KHAN,M,54.0,GEN,IND,738
336261,TELANGANA,2023,20 KORATLA,9 SRINIVAS RAO CHENNAMANENI,M,50.0,GEN,AIFB,657
336262,TELANGANA,2023,20 KORATLA,10 MANUKA PRAVIN,M,60.0,GEN,IND,344
336263,TELANGANA,2023,20 KORATLA,11 ALLE PANDURANGA,M,49.0,GEN,LJD,194
336264,TELANGANA,2023,20 KORATLA,12 DANDU DHANUNJAY,M,29.0,SC,URTP,173
336265,TELANGANA,2023,20 KORATLA,13 ARE RAJENDAR,M,40.0,GEN,IND,172
336266,TELANGANA,2023,20 KORATLA,14 RAGHUVEER KUMAR DAYYA,M,31.0,SC,BMUP,133
336267,TELANGANA,2023,20 KORATLA,15 SAIKRISHNA MURTHY GUYYA,M,38.0,GEN,BCYP,118
336268,TELANGANA,2023,20 KORATLA,16 PODETI RAMESH,M,39.0,SC,DHRMSMJP,115
336269,TELANGANA,2023,21 JAGTIAL,1 DR. SANJAY,M,61.0,GEN,BHRS,70243
336270,TELANGANA,2023,21 JAGTIAL,2 JEEVAN REDDY. T,M,72.0,GEN,INC,54421
336271,TELANGANA,2023,21 JAGTIAL,3 BOGA SHRAVANI,F,32.0,GEN,BJP,42138
336272,TELANGANA,2023,21 JAGTIAL,4 RAMADEVI RANGU,F,38.0,GEN,AODRP,2438
336273,TELANGANA,2023,21 JAGTIAL,5 NOTA,NOTA,NOTA,NOTA,NOTA,1471
336274,TELANGANA,2023,21 JAGTIAL,6 BALKAM MALLESHAM YADAV,M,48.0,GEN,BSP,1242
336275,TELANGANA,2023,21 JAGTIAL,7 GOPI CHANDRAIAH,M,54.0,ST,IND,946
336276,TELANGANA,2023,21 JAGTIAL,8 CHEETI SHYAMALA,F,80.0,GEN,IND,797
336277,TELANGANA,2023,21 JAGTIAL,9 KOTAGIRI MOHAN,M,34.0,GEN,IND,520
336278,TELANGANA,2023,21 JAGTIAL,10 ANKAM SRINIVAS,M,47.0,GEN,MTRSP,485
336279,TELANGANA,2023,21 JAGTIAL,11 THIRUPATHI THOOMU,M,29.0,GEN,IND,426
336280,TELANGANA,2023,21 JAGTIAL,12 MOHD. JAMEEL,M,39.0,GEN,IND,333
336281,TELANGANA,2023,21 JAGTIAL,13 DR. VADLAMANI SATHYANARAYANA MURTHY,M,66.0,GEN,PPOI,316
336282,TELANGANA,2023,21 JAGTIAL,14 BOLLAM SATISH KUMAR,M,38.0,GEN,BCUF,198
336283,TELANGANA,2023,21 JAGTIAL,15 DUBBA CHAITHANYA KUMAR,M,35.0,SC,DHRMSMJP,197
336284,TELANGANA,2023,21 JAGTIAL,16 BHUKYA NANDU,M,56.0,ST,VTRP,188
336285,TELANGANA,2023,22 DHARMAPURI,1 ADLURI LAXMAN KUMAR,M,57.0,SC,INC,91393
336286,TELANGANA,2023,22 DHARMAPURI,2 KOPPULA ESHWAR,M,63.0,SC,BHRS,69354
336287,TELANGANA,2023,22 DHARMAPURI,3 KUMAR. S,M,57.0,SC,BJP,7345
336288,TELANGANA,2023,22 DHARMAPURI,4 SHERLA MAHENDAR,M,30.0,SC,IND,3847
336289,TELANGANA,2023,22 DHARMAPURI,5 MOTHE NARESH,M,32.0,SC,IND,2678
336290,TELANGANA,2023,22 DHARMAPURI,6 NOTA,NOTA,NOTA,NOTA,NOTA,2392
336291,TELANGANA,2023,22 DHARMAPURI,7 NAKKA VIJAY KUMAR,M,49.0,SC,BSP,1344
336292,TELANGANA,2023,22 DHARMAPURI,8 MUDUGAM RAJALINGU,M,43.0,SC,IND,1022
336293,TELANGANA,2023,22 DHARMAPURI,9 AKSHAY KUMAR MEKALA,M,29.0,SC,IND,657
336294,TELANGANA,2023,22 DHARMAPURI,10 MEDAPATLA DUBBAIAH,M,33.0,SC,IND,537
336295,TELANGANA,2023,22 DHARMAPURI,11 DUDA MAHIPAL,M,31.0,SC,IND,346
336296,TELANGANA,2023,22 DHARMAPURI,12 JADI PREM SAGAR,M,36.0,SC,IND,193
336297,TELANGANA,2023,22 DHARMAPURI,13 DUDA THIRUPATHI,M,37.0,SC,DHRMSMJP,177
336298,TELANGANA,2023,22 DHARMAPURI,14 KUNTALA NARSAIAH,M,47.0,SC,IND,153
336299,TELANGANA,2023,22 DHARMAPURI,15 THEEGALA SHEKHAR,M,39.0,SC,IND,137
336300,TELANGANA,2023,22 DHARMAPURI,16 BHUTHKURI KANTHA,F,49.0,SC,AIFB,115
336301,TELANGANA,2023,23 RAMAGUNDAM,1 MAKKAN SINGH RAJ THAKUR,M,52.0,GEN,INC,92227
336302,TELANGANA,2023,23 RAMAGUNDAM,1 MAKKAN SINGH RAJ THAKUR,M,52.0,GEN,INC,92227
336303,TELANGANA,2023,23 RAMAGUNDAM,2 KORUKANTI CHANDER,M,51.0,GEN,BHRS,35433
336304,TELANGANA,2023,23 RAMAGUNDAM,3 KANDULA SANDHYA RANI,F,39.0,GEN,BJP,12966
336305,TELANGANA,2023,23 RAMAGUNDAM,4 SOMARAPU SATYANARAYANA,M,75.0,GEN,IND,4048
336306,TELANGANA,2023,23 RAMAGUNDAM,5 NOTA,NOTA,NOTA,NOTA,NOTA,1572
336307,TELANGANA,2023,23 RAMAGUNDAM,6 AMBATI NARESH YADAV,M,36.0,GEN,BSP,853
336308,TELANGANA,2023,23 RAMAGUNDAM,7 MANCHIKATLA DAYAKAR,M,48.0,GEN,IND,811
336309,TELANGANA,2023,23 RAMAGUNDAM,8 KAMPALLI RAGHU BABU,M,30.0,SC,IND,628
336310,TELANGANA,2023,23 RAMAGUNDAM,9 SAMALA ARAVIND,M,26.0,GEN,AODRP,627
336311,TELANGANA,2023,23 RAMAGUNDAM,10 GORRE RAMESH,M,57.0,SC,TELP,534
336312,TELANGANA,2023,23 RAMAGUNDAM,11 KIRTHI KANTH GUDIMALLA,M,41.0,GEN,IND,439
336313,TELANGANA,2023,23 RAMAGUNDAM,12 NEERATI SHANKAR,M,55.0,SC,IND,377
336314,TELANGANA,2023,23 RAMAGUNDAM,13 B. CHANDRA SHEKAR,M,26.0,GEN,IND,346
336315,TELANGANA,2023,23 RAMAGUNDAM,14 GAJJELLI VENKATESHWARLU,M,48.0,GEN,IND,326
336316,TELANGANA,2023,23 RAMAGUNDAM,15 N. RAMU,M,40.0,SC,IND,247
336317,TELANGANA,2023,23 RAMAGUNDAM,16 PEDDAPALLI SANDEEP,M,30.0,GEN,IND,221
336318,TELANGANA,2023,23 RAMAGUNDAM,17 MANMOHAN THAMMERA,M,41.0,GEN,VTRP,214
336319,TELANGANA,2023,23 RAMAGUNDAM,18 SHAKEER BABA,M,39.0,GEN,IND,185
336320,TELANGANA,2023,23 RAMAGUNDAM,19 RAJKUMAR PULIPAKA,M,34.0,SC,DHRMSMJP,171
336321,TELANGANA,2023,23 RAMAGUNDAM,20 JEEVAN RAO PARUVELLI,M,65.0,GEN,JSKHP,166
336322,TELANGANA,2023,23 RAMAGUNDAM,21 LINGALA SHANKAR,M,39.0,SC,IND,150
336323,TELANGANA,2023,23 RAMAGUNDAM,22 PERUMANDLA WEDHA BHUSHAN,M,38.0,GEN,PPOI,149
336324,TELANGANA,2023,23 RAMAGUNDAM,23 SHEELAM SRINIVAS,M,42.0,GEN,BHRTSWDCNG,149
336325,TELANGANA,2023,23 RAMAGUNDAM,24 ASHOK VEMULA,M,55.0,GEN,NIP,149
336326,TELANGANA,2023,24 MANTHANI,1 DUDDILLA SRIDHAR BABU,M,54.0,GEN,INC,103822
336327,TELANGANA,2023,24 MANTHANI,2 PUTTA MADHUKAR,M,52.0,GEN,BHRS,72442
336328,TELANGANA,2023,24 MANTHANI,3 CHANDRUPATLA SUNIL REDDY,M,49.0,GEN,BJP,5779
336329,TELANGANA,2023,24 MANTHANI,4 CHALLA NARAYANA REDDY,M,58.0,GEN,BSP,2937
336330,TELANGANA,2023,24 MANTHANI,5 ARLA NAGARAJU,M,36.0,SC,AODRP,2414
336331,TELANGANA,2023,24 MANTHANI,6 G. KISHAN RAO,M,76.0,GEN,IND,1404
336332,TELANGANA,2023,24 MANTHANI,7 GORIGE KIRAN KUMAR,M,34.0,ST,IND,913
336333,TELANGANA,2023,24 MANTHANI,8 ARIKILLA RAMAKRISHNA,M,32.0,SC,IND,845
336334,TELANGANA,2023,24 MANTHANI,9 NOTA,NOTA,NOTA,NOTA,NOTA,776
336335,TELANGANA,2023,24 MANTHANI,10 NOONE RAJESHAM,M,71.0,GEN,IND,765
336336,TELANGANA,2023,24 MANTHANI,11 BUTTI DAMODAR,M,33.0,SC,IND,621
336337,TELANGANA,2023,24 MANTHANI,12 AJEETH KUMAR SAGI,M,44.0,GEN,AIFB,566
336338,TELANGANA,2023,24 MANTHANI,13 K. MAHENDER,M,32.0,SC,ABDP,551
336339,TELANGANA,2023,24 MANTHANI,14 POTHULA RAJESH KHANNA,M,33.0,GEN,IND,533
336340,TELANGANA,2023,24 MANTHANI,15 MADEM VENKATESH,M,25.0,SC,IND,456
336341,TELANGANA,2023,24 MANTHANI,16 ERUGURALA SANTHOSH,M,36.0,SC,TELP,346
336342,TELANGANA,2023,24 MANTHANI,17 CHITYALA SRINIVAS,M,28.0,SC,DHRMSMJP,311
336343,TELANGANA,2023,24 MANTHANI,18 CHALLA LAXMAN,M,31.0,GEN,IND,311
336344,TELANGANA,2023,24 MANTHANI,19 ANVESH POTHULA,M,30.0,GEN,IND,270
336345,TELANGANA,2023,24 MANTHANI,20 NUNE SANJEEV,M,30.0,GEN,BHRTSWDCNG,200
336346,TELANGANA,2023,24 MANTHANI,21 DURGAM NAGESHWARA RAO,M,40.0,SC,PS,158
336347,TELANGANA,2023,24 MANTHANI,22 RANAVENI LAXMAN,M,50.0,GEN,IND,123
336348,TELANGANA,2023,25 PEDDAPALLE,1 CHINTHAKUNTA VIJAYA RAMANA RAO,M,57.0,GEN,INC,118888
336349,TELANGANA,2023,25 PEDDAPALLE,2 DASARI MANOHAR REDDY,M,69.0,GEN,BHRS,63780
336350,TELANGANA,2023,25 PEDDAPALLE,3 DASARI USHA,F,27.0,GEN,BSP,10315
336351,TELANGANA,2023,25 PEDDAPALLE,4 PRADEEP KUMAR DUGYALA,M,57.0,GEN,BJP,6312
336352,TELANGANA,2023,25 PEDDAPALLE,5 BHUTHAGADDA NARESH,M,34.0,GEN,IND,1869
336353,TELANGANA,2023,25 PEDDAPALLE,6 GUNTI KUMARA SWAMY,M,44.0,GEN,IND,1168
336354,TELANGANA,2023,25 PEDDAPALLE,7 SRAVAN PEDDAPELLY,M,33.0,GEN,IND,1143
336355,TELANGANA,2023,25 PEDDAPALLE,8 NAVEEN NUKALA,M,27.0,SC,IND,1023
336356,TELANGANA,2023,25 PEDDAPALLE,9 NOTA,NOTA,NOTA,NOTA,NOTA,865
336357,TELANGANA,2023,25 PEDDAPALLE,10 CHINTHAPANDU ANIL,M,27.0,GEN,IND,815
336358,TELANGANA,2023,25 PEDDAPALLE,11 PENDYALA SURENDER,M,49.0,GEN,IND,432
336359,TELANGANA,2023,25 PEDDAPALLE,12 KOKKISA DEVENDRA GOUD,M,61.0,GEN,IND,270
336360,TELANGANA,2023,25 PEDDAPALLE,13 DONTHRAVENA RAJKUMAR,M,26.0,GEN,BHRTSWDCNG,236
336361,TELANGANA,2023,25 PEDDAPALLE,14 CHILUKA ANAND,M,39.0,SC,IND,224
336362,TELANGANA,2023,25 PEDDAPALLE,15 AMANI BACHALI,F,29.0,SC,DHRMSMJP,198
336363,TELANGANA,2023,25 PEDDAPALLE,16 KARAPURI NARESH KUMAR,M,34.0,GEN,IND,178
336364,TELANGANA,2023,25 PEDDAPALLE,17 JANAGAMA THIRUPATHI,M,48.0,SC,NIP,120
336365,TELANGANA,2023,25 PEDDAPALLE,18 DILESHWAR REDDY GAGIREDDY,M,61.0,GEN,PPOI,108
336366,TELANGANA,2023,26 KARIMNAGAR,1 GANGULA KAMALAKAR,M,56.0,GEN,BHRS,92179
336367,TELANGANA,2023,26 KARIMNAGAR,2 BANDI SANJAY KUMAR,M,52.0,GEN,BJP,89016
336368,TELANGANA,2023,26 KARIMNAGAR,3 PURUMALLA SRINIVAS,M,50.0,GEN,INC,40057
336369,TELANGANA,2023,26 KARIMNAGAR,4 NALLALA SRINIVAS,M,34.0,SC,BSP,1546
336370,TELANGANA,2023,26 KARIMNAGAR,5 NOTA,NOTA,NOTA,NOTA,NOTA,1269
336371,TELANGANA,2023,26 KARIMNAGAR,6 GORRE THARA,F,54.0,SC,IND,986
336372,TELANGANA,2023,26 KARIMNAGAR,7 GORRE SAMPATH KUMAR,M,41.0,SC,IND,706
336373,TELANGANA,2023,26 KARIMNAGAR,8 GURRAM KAMALAKER,M,38.0,GEN,IND,444
336374,TELANGANA,2023,26 KARIMNAGAR,9 AMBATI JOJI REDDY,M,56.0,GEN,AIFB,430
336375,TELANGANA,2023,26 KARIMNAGAR,10 DR. PENCHALA SRINIVAS,M,44.0,GEN,IND,405
336376,TELANGANA,2023,26 KARIMNAGAR,11 BELLAPU KARUNAKAR,M,36.0,GEN,IND,363
336377,TELANGANA,2023,26 KARIMNAGAR,12 KOTA SHYAM KUMAR,M,36.0,GEN,IND,298
336378,TELANGANA,2023,26 KARIMNAGAR,13 DR. K. NAGESH,M,65.0,GEN,IND,288
336379,TELANGANA,2023,26 KARIMNAGAR,14 THEETY SUDHAKAR RAO,M,50.0,GEN,IND,278
336380,TELANGANA,2023,26 KARIMNAGAR,15 BANDA KISHORE REDDY,M,34.0,GEN,IND,197
336381,TELANGANA,2023,26 KARIMNAGAR,16 GAVVALA LAXMI,F,39.0,SC,IND,181
336382,TELANGANA,2023,26 KARIMNAGAR,17 MODUMPALLI SRIKANTH,M,27.0,SC,DHRMSMJP,159
336383,TELANGANA,2023,26 KARIMNAGAR,18 CHEETI VENKAT RAMANA RAO,M,51.0,GEN,IND,142
336384,TELANGANA,2023,26 KARIMNAGAR,19 AQEEL SHAHED MOHAMMED,M,56.0,GEN,IND,111
336385,TELANGANA,2023,26 KARIMNAGAR,20 ELLAIAH NAGUNOORI,M,46.0,GEN,IND,108
336386,TELANGANA,2023,26 KARIMNAGAR,21 BANDI SRINIVAS,M,41.0,GEN,INJSP,98
336387,TELANGANA,2023,26 KARIMNAGAR,22 SHAFI,M,39.0,GEN,IND,84
336388,TELANGANA,2023,26 KARIMNAGAR,23 MOHAN DURGAM,M,51.0,SC,BMUP,84
336389,TELANGANA,2023,26 KARIMNAGAR,24 NARMADA THOTAPALLY,F,31.0,SC,PPOI,79
336390,TELANGANA,2023,26 KARIMNAGAR,25 DURGA BAI BANGARU,F,45.0,GEN,PS,79
336391,TELANGANA,2023,26 KARIMNAGAR,26 PALLELLA DEVARAJU,M,46.0,GEN,IND,70
336392,TELANGANA,2023,26 KARIMNAGAR,27 MOIN MECHANIK,M,41.0,GEN,IND,66
336393,TELANGANA,2023,26 KARIMNAGAR,28 BABBAN,M,38.0,GEN,IND,51
336394,TELANGANA,2023,27 CHOPPADANDI,1 MEDIPALLY SATHYAM,M,43.0,SC,INC,90395
336395,TELANGANA,2023,27 CHOPPADANDI,2 RAVI SHANKAR SUNKE,M,53.0,SC,BHRS,52956
336396,TELANGANA,2023,27 CHOPPADANDI,3 BODIGA SHOBHA GALANNA,F,49.0,SC,BJP,26669
336397,TELANGANA,2023,27 CHOPPADANDI,4 KONKATI SHEKHAR,M,41.0,SC,BSP,5153
336398,TELANGANA,2023,27 CHOPPADANDI,5 GOWRU AJAY KUMAR,M,35.0,SC,IND,1400
336399,TELANGANA,2023,27 CHOPPADANDI,6 NOTA,NOTA,NOTA,NOTA,NOTA,1260
336400,TELANGANA,2023,27 CHOPPADANDI,7 KALLEPELLY VIJAYA RAJU,M,57.0,SC,IND,994
336401,TELANGANA,2023,27 CHOPPADANDI,8 JANGAM SADHANA,F,33.0,SC,DHRMSMJP,745
336402,TELANGANA,2023,27 CHOPPADANDI,9 DASARI VIDYASAGAR,M,35.0,SC,IND,652
336403,TELANGANA,2023,27 CHOPPADANDI,10 AKKENAPALLI SATHISH,M,32.0,SC,IND,401
336404,TELANGANA,2023,27 CHOPPADANDI,11 BEJJANKI PRASHANTH KUMAR,M,31.0,SC,PPID,375
336405,TELANGANA,2023,27 CHOPPADANDI,12 VIJAY KUMAR MUTHYALA,M,47.0,SC,AIFB,358
336406,TELANGANA,2023,27 CHOPPADANDI,13 DUMPALA NARSHIM BABU,M,61.0,SC,JASWP,345
336407,TELANGANA,2023,27 CHOPPADANDI,14 LAKKAM AJAY,M,35.0,SC,VTRP,248
336408,TELANGANA,2023,27 CHOPPADANDI,15 BANGARI MADHAVA,M,37.0,SC,PPOI,237
336409,TELANGANA,2023,28 VEMULAWADA,1 AADI SRINIVAS,M,57.0,GEN,INC,71451
336410,TELANGANA,2023,28 VEMULAWADA,2 CHALIMEDA LAKSHMI NARASIMHA RAO,M,61.0,GEN,BHRS,56870
336411,TELANGANA,2023,28 VEMULAWADA,3 CHENNAMANENI VIKAS,M,45.0,GEN,BJP,29710
336412,TELANGANA,2023,28 VEMULAWADA,3 CHENNAMANENI VIKAS,M,45.0,GEN,BJP,29710
336413,TELANGANA,2023,28 VEMULAWADA,4 DR. GOLI MOHAN,M,49.0,GEN,BSP,4649
336414,TELANGANA,2023,28 VEMULAWADA,5 MD. AKHIL PASHA,M,26.0,GEN,AODRP,2836
336415,TELANGANA,2023,28 VEMULAWADA,6 JINKA SRINIVAS,M,47.0,SC,IND,1928
336416,TELANGANA,2023,28 VEMULAWADA,7 NOTA,NOTA,NOTA,NOTA,NOTA,1280
336417,TELANGANA,2023,28 VEMULAWADA,8 GUDISHE MOHAN,M,43.0,SC,IND,1266
336418,TELANGANA,2023,28 VEMULAWADA,9 MERUPULA RAKESH REDDY,M,32.0,GEN,IND,1200
336419,TELANGANA,2023,28 VEMULAWADA,10 RAVI NAINI,M,44.0,GEN,YGATLSIP,611
336420,TELANGANA,2023,28 VEMULAWADA,11 KATKOORI ANOSE,M,31.0,SC,IND,503
336421,TELANGANA,2023,28 VEMULAWADA,12 ANGOORI RANJITH,M,25.0,SC,IND,429
336422,TELANGANA,2023,28 VEMULAWADA,13 PUPPALA MOHAN,M,33.0,GEN,IND,419
336423,TELANGANA,2023,28 VEMULAWADA,14 GADDAM HARISH,M,29.0,GEN,DHRMSMJP,375
336424,TELANGANA,2023,28 VEMULAWADA,15 GUGGILLA RAVI GOUD,M,39.0,GEN,AIFB,247
336425,TELANGANA,2023,28 VEMULAWADA,16 RAMESH BABU AJMEERA,M,33.0,ST,PRSHP,232
336426,TELANGANA,2023,28 VEMULAWADA,17 JAKKANI BHUPATHI,M,80.0,GEN,PPOI,139
336427,TELANGANA,2023,29 SIRCILLA,1 KALVAKUNTLA TARAKA RAMA RAO (K.T.R),M,47.0,GEN,BHRS,89244
336428,TELANGANA,2023,29 SIRCILLA,2 K.K. MAHENDER REDDY,M,62.0,GEN,INC,59557
336429,TELANGANA,2023,29 SIRCILLA,3 RANI RUDRAMA REDDY,F,43.0,GEN,BJP,18328
336430,TELANGANA,2023,29 SIRCILLA,4 PITTALA BHOOMESH,M,50.0,GEN,BSP,7585
336431,TELANGANA,2023,29 SIRCILLA,5 LAGISHETTY SRINIVAS,M,52.0,GEN,VTRP,2568
336432,TELANGANA,2023,29 SIRCILLA,6 J. MADHU,M,40.0,GEN,IND,1983
336433,TELANGANA,2023,29 SIRCILLA,7 GOUTE GANESH,M,40.0,GEN,IND,1752
336434,TELANGANA,2023,29 SIRCILLA,8 KONDA RAVI KANTH,M,37.0,GEN,AODRP,1526
336435,TELANGANA,2023,29 SIRCILLA,9 PATHIPAKA SURESH,M,33.0,GEN,AIFB,1166
336436,TELANGANA,2023,29 SIRCILLA,10 NOTA,NOTA,NOTA,NOTA,NOTA,842
336437,TELANGANA,2023,29 SIRCILLA,11 KODURI BALA LINGAM,M,44.0,GEN,IND,766
336438,TELANGANA,2023,29 SIRCILLA,12 KRISHNA DONIKENI,M,41.0,GEN,IND,750
336439,TELANGANA,2023,29 SIRCILLA,13 NAKKA HAREESH,M,28.0,SC,IND,440
336440,TELANGANA,2023,29 SIRCILLA,14 RAGULA RAMULU,M,49.0,SC,ABDP,408
336441,TELANGANA,2023,29 SIRCILLA,15 REDDYMALLA SRINIVAS,M,55.0,SC,RPPRINAT,375
336442,TELANGANA,2023,29 SIRCILLA,16 ANNARAM SAIKUMAR,M,27.0,GEN,IND,342
336443,TELANGANA,2023,29 SIRCILLA,17 KESUGANI PARAMESHWARI,F,40.0,SC,DHRMSMJP,333
336444,TELANGANA,2023,29 SIRCILLA,18 THATIPAMULA SRINIVAS,M,56.0,GEN,IND,183
336445,TELANGANA,2023,29 SIRCILLA,19 RIKKAMALLE MANOJ KUMAR,M,37.0,GEN,IND,178
336446,TELANGANA,2023,29 SIRCILLA,20 BUSAPURAM PRAVEEN,M,31.0,GEN,IND,157
336447,TELANGANA,2023,29 SIRCILLA,21 D. DEVAIAH,M,73.0,GEN,PPOI,136
336448,TELANGANA,2023,29 SIRCILLA,22 DOSALA CHANDRAM,M,39.0,SC,IPBP,121
336449,TELANGANA,2023,30 MANAKONDUR,1 DR. KAVVAMPALLY SATYANARAYANA,M,58.0,SC,INC,96773
336450,TELANGANA,2023,30 MANAKONDUR,2 ERUPULA BALAKISHAN RASAMAYI,M,58.0,SC,BHRS,64408
336451,TELANGANA,2023,30 MANAKONDUR,3 AREPALLY MOHAN,M,67.0,SC,BJP,14879
336452,TELANGANA,2023,30 MANAKONDUR,4 NISANI RAMACHANDRAM,M,40.0,SC,BSP,3345
336453,TELANGANA,2023,30 MANAKONDUR,5 SHANIGARAPU YUVARAJU,M,31.0,SC,IND,2216
336454,TELANGANA,2023,30 MANAKONDUR,6 NOTA,NOTA,NOTA,NOTA,NOTA,1998
336455,TELANGANA,2023,30 MANAKONDUR,7 BOGE PADMA,F,39.0,SC,AIMEP,844
336456,TELANGANA,2023,30 MANAKONDUR,8 NISHANI KRISHNA,M,40.0,SC,BCYP,357
336457,TELANGANA,2023,30 MANAKONDUR,9 DUBBASI MAHENDAR,M,33.0,SC,IPBP,343
336458,TELANGANA,2023,30 MANAKONDUR,10 THODETI PAVITHRA,F,30.0,SC,SP(I),342
336459,TELANGANA,2023,30 MANAKONDUR,"11 JAKKANAPALLY GANESH, ADVOCATE",M,35.0,SC,AIFB,324
336460,TELANGANA,2023,31 HUZURABAD,1 KAUSHIK REDDY PADI,M,38.0,GEN,BHRS,80333
336461,TELANGANA,2023,31 HUZURABAD,2 EATALA RAJENDAR,M,59.0,GEN,BJP,63460
336462,TELANGANA,2023,31 HUZURABAD,3 VODITALA PRANAV,M,35.0,GEN,INC,53164
336463,TELANGANA,2023,31 HUZURABAD,4 PALLE PRASHANTH GOUD,M,32.0,GEN,BSP,2150
336464,TELANGANA,2023,31 HUZURABAD,5 NOTA,NOTA,NOTA,NOTA,NOTA,1208
336465,TELANGANA,2023,31 HUZURABAD,6 MOUTAM SAMPATH,M,33.0,GEN,AODRP,1153
336466,TELANGANA,2023,31 HUZURABAD,7 BARIGE GATTAIAH YADAV,M,48.0,GEN,IND,1096
336467,TELANGANA,2023,31 HUZURABAD,8 ABBU MAHIPAL REDDY,M,34.0,GEN,IND,999
336468,TELANGANA,2023,31 HUZURABAD,9 EMMADI SATHISH,M,37.0,SC,IND,924
336469,TELANGANA,2023,31 HUZURABAD,10 CHALLA THIRUPATHI REDDY,M,35.0,GEN,IND,762
336470,TELANGANA,2023,31 HUZURABAD,11 BISADI MUKUNDA RAO,M,57.0,GEN,IND,682
336471,TELANGANA,2023,31 HUZURABAD,12 CHILUVERI RAKESH,M,28.0,SC,DHRMSMJP,592
336472,TELANGANA,2023,31 HUZURABAD,13 VEERASWAMY GOUD JAKKE,M,48.0,GEN,MCPI,573
336473,TELANGANA,2023,31 HUZURABAD,14 ANIL GOUDA,M,38.0,GEN,IND,504
336474,TELANGANA,2023,31 HUZURABAD,15 GANGARAPU THIRUPATHI,M,56.0,SC,PPID,345
336475,TELANGANA,2023,31 HUZURABAD,16 RAMESHBABU SHANIGARAPU,M,39.0,SC,BALP,305
336476,TELANGANA,2023,31 HUZURABAD,17 MADHAVARANI BARIGE,F,39.0,GEN,IND,286
336477,TELANGANA,2023,31 HUZURABAD,18 SRIKANTH SILIVERU,M,39.0,GEN,IND,151
336478,TELANGANA,2023,31 HUZURABAD,19 DEVUNOORI SRINIVASU,M,43.0,GEN,DABAP,150
336479,TELANGANA,2023,31 HUZURABAD,20 MOLUGU VENKATESH,M,39.0,SC,NIP,149
336480,TELANGANA,2023,31 HUZURABAD,21 CHINTHA ANILKUMAR,M,38.0,GEN,PPOI,119
336481,TELANGANA,2023,31 HUZURABAD,22 RAPOLE RAM KUMAR BHARADWAJ,M,51.0,GEN,IND,107
336482,TELANGANA,2023,31 HUZURABAD,23 THIRUPATHI BAVU,M,43.0,GEN,BCYP,99
336483,TELANGANA,2023,32 HUSNABAD,1 PONNAM PRABHAKAR,M,56.0,GEN,INC,100955
336484,TELANGANA,2023,32 HUSNABAD,2 SATISH KUMAR VODITELA,M,57.0,GEN,BHRS,81611
336485,TELANGANA,2023,32 HUSNABAD,3 BOMMA SRIRAM CHAKRAVARTHY,M,53.0,GEN,BJP,8338
336486,TELANGANA,2023,32 HUSNABAD,4 GADDA. SATHISH,M,33.0,GEN,IND,5104
336487,TELANGANA,2023,32 HUSNABAD,5 PEDDOLLA SRINIVAS,M,44.0,GEN,BSP,2694
336488,TELANGANA,2023,32 HUSNABAD,6 KASHAVENI SAMMAIAH,M,50.0,GEN,IND,1305
336489,TELANGANA,2023,32 HUSNABAD,6 KASHAVENI SAMMAIAH,M,50.0,GEN,IND,1305
336490,TELANGANA,2023,32 HUSNABAD,7 NOTA,NOTA,NOTA,NOTA,NOTA,1222
336491,TELANGANA,2023,32 HUSNABAD,8 ANILREDDY KADTHALA,M,29.0,GEN,IND,805
336492,TELANGANA,2023,32 HUSNABAD,9 DUMBALA PARASHARAMULU,M,49.0,GEN,JASWP,655
336493,TELANGANA,2023,32 HUSNABAD,10 BOTHA NAGABHUSHANAM,M,40.0,SC,IPBP,540
336494,TELANGANA,2023,32 HUSNABAD,11 BOINI SADAN MAHARAJ,M,35.0,SC,DHRMSMJP,487
336495,TELANGANA,2023,32 HUSNABAD,12 KAMADRI MURALI,M,35.0,SC,IND,455
336496,TELANGANA,2023,32 HUSNABAD,13 BOLLI SUBHASH,M,32.0,GEN,TDDP,442
336497,TELANGANA,2023,32 HUSNABAD,14 PACHIMATLA RAVINDER,M,51.0,GEN,IND,436
336498,TELANGANA,2023,32 HUSNABAD,15 DEVASANI THIRUPATHI REDDY,M,48.0,GEN,IND,431
336499,TELANGANA,2023,32 HUSNABAD,16 SUNKARI VENKATASWAMY,M,63.0,GEN,PPID,371
336500,TELANGANA,2023,32 HUSNABAD,17 MARATI MANIDEEP,M,27.0,SC,IND,341
336501,TELANGANA,2023,32 HUSNABAD,18 SANDEEP KONGANTI,M,30.0,GEN,VTRP,173
336502,TELANGANA,2023,32 HUSNABAD,19 LANKASIRI RAJ KUMAR,M,29.0,GEN,NNKP,170
336503,TELANGANA,2023,32 HUSNABAD,20 VADLAKONDA RAVIKUMAR REDDY,M,58.0,GEN,BCYP,163
336504,TELANGANA,2023,33 SIDDIPET,1 THANNEERU HARISH RAO,M,52.0,GEN,BHRS,105514
336505,TELANGANA,2023,33 SIDDIPET,2 PUJALA HARI KRISHNA,M,39.0,GEN,INC,23206
336506,TELANGANA,2023,33 SIDDIPET,3 DUDI SRIKANTH REDDY,M,42.0,GEN,BJP,23201
336507,TELANGANA,2023,33 SIDDIPET,4 GADHAGONI CHAKRADHAR GOUD,M,36.0,GEN,BSP,16610
336508,TELANGANA,2023,33 SIDDIPET,5 PILLI SAI KUMAR,M,26.0,GEN,IND,4970
336509,TELANGANA,2023,33 SIDDIPET,6 NOTA,NOTA,NOTA,NOTA,NOTA,1300
336510,TELANGANA,2023,33 SIDDIPET,7 BARRE MALLAIAH,M,70.0,GEN,IND,928
336511,TELANGANA,2023,33 SIDDIPET,8 PAISA RAMAKRISHNA,M,53.0,GEN,IND,881
336512,TELANGANA,2023,33 SIDDIPET,9 ATI ANJANEYULU,M,37.0,SC,IND,675
336513,TELANGANA,2023,33 SIDDIPET,10 PASHIKANTI SHANKAR,M,64.0,GEN,IND,543
336514,TELANGANA,2023,33 SIDDIPET,11 POTHUGANTI NARSIMHA REDDY,M,72.0,GEN,IND,504
336515,TELANGANA,2023,33 SIDDIPET,12 VATARIKARI NAGARANI,F,43.0,SC,ABDP,478
336516,TELANGANA,2023,33 SIDDIPET,13 GUMMADI SRISHYLAM,M,36.0,GEN,IND,443
336517,TELANGANA,2023,33 SIDDIPET,14 EKKLDEVI LINGAM,M,40.0,GEN,IND,358
336518,TELANGANA,2023,33 SIDDIPET,15 VARIKOLU SRINIVAS,M,35.0,GEN,IND,338
336519,TELANGANA,2023,33 SIDDIPET,16 GUVVALA SANTHOSH KUMAR,M,31.0,GEN,IND,291
336520,TELANGANA,2023,33 SIDDIPET,17 DHARMAJIPETA PRATHAP REDDY,M,46.0,GEN,IND,227
336521,TELANGANA,2023,33 SIDDIPET,18 BABU KARROLLA,M,40.0,SC,DHRMSMJP,218
336522,TELANGANA,2023,33 SIDDIPET,19 NARSIMHA REDDY ADULLA,M,59.0,GEN,BCYP,206
336523,TELANGANA,2023,33 SIDDIPET,20 SRIKANTH PEDDASAIGARI,M,26.0,GEN,IND,196
336524,TELANGANA,2023,33 SIDDIPET,21 ROMALA BABU DURGAIAH,M,38.0,SC,IPBP,164
336525,TELANGANA,2023,33 SIDDIPET,22 RAJINIKAR CHADA,M,35.0,GEN,IND,152
336526,TELANGANA,2023,34 MEDAK,1 MYNAMPALLY ROHITH,M,26.0,GEN,INC,87126
336527,TELANGANA,2023,34 MEDAK,2 PADMA DEVENDER REDDY.M,F,54.0,GEN,BHRS,76969
336528,TELANGANA,2023,34 MEDAK,3 VIJAY KUMAR PANJA,M,48.0,GEN,BJP,13657
336529,TELANGANA,2023,34 MEDAK,4 A.KUMAR,M,36.0,SC,IND,2489
336530,TELANGANA,2023,34 MEDAK,5 NOTA,NOTA,NOTA,NOTA,NOTA,1860
336531,TELANGANA,2023,34 MEDAK,6 LAXMI AMSANPALLY,F,53.0,GEN,BSP,1112
336532,TELANGANA,2023,34 MEDAK,7 LAMBADI THARYA,M,47.0,ST,IND,810
336533,TELANGANA,2023,34 MEDAK,8 LASMAGALLA PADMA,F,39.0,SC,IND,773
336534,TELANGANA,2023,34 MEDAK,9 PULLAIAH VANAM,M,51.0,ST,MCPI,761
336535,TELANGANA,2023,34 MEDAK,10 BODDU DEVADASU,M,48.0,SC,IBP,380
336536,TELANGANA,2023,34 MEDAK,11 KOMMATA SWAMY,M,34.0,SC,IND,283
336537,TELANGANA,2023,34 MEDAK,12 GADDAMEEDI NAGARAJU GOUD,M,31.0,GEN,IND,221
336538,TELANGANA,2023,34 MEDAK,13 WANAPARTHY ROHIT,M,45.0,GEN,BCYP,217
336539,TELANGANA,2023,34 MEDAK,14 PATLOLLA BHAPU REDDY,M,45.0,GEN,IND,205
336540,TELANGANA,2023,35 NARAYANKHED,1 PATLOLLA SANJEEVA REDDY,M,61.0,GEN,INC,91373
336541,TELANGANA,2023,35 NARAYANKHED,2 MAHAREDDY BHUPAL REDDY,M,63.0,GEN,BHRS,84826
336542,TELANGANA,2023,35 NARAYANKHED,3 JENAWADE SANGAPPA,M,47.0,GEN,BJP,7823
336543,TELANGANA,2023,35 NARAYANKHED,4 MOHD ALAUDDIN,M,43.0,GEN,BSP,1561
336544,TELANGANA,2023,35 NARAYANKHED,5 PONNA MALA RUKMINI REDDY,F,40.0,GEN,IND,1137
336545,TELANGANA,2023,35 NARAYANKHED,6 SATISH. V,M,28.0,ST,IND,960
336546,TELANGANA,2023,35 NARAYANKHED,7 MUDIRAJU VENKATESHAM,M,50.0,GEN,IND,951
336547,TELANGANA,2023,35 NARAYANKHED,8 NOTA,NOTA,NOTA,NOTA,NOTA,861
336548,TELANGANA,2023,35 NARAYANKHED,9 PUTALA VITHAL,M,66.0,GEN,IND,860
336549,TELANGANA,2023,35 NARAYANKHED,10 NEELAKANTI ASHOK KUMAR,M,51.0,GEN,IND,773
336550,TELANGANA,2023,35 NARAYANKHED,11 PRAKASH RATHOD.,M,30.0,ST,BMUP,645
336551,TELANGANA,2023,35 NARAYANKHED,12 SATTI. GOPAL REDDY,M,48.0,GEN,YGATLSIP,574
336552,TELANGANA,2023,35 NARAYANKHED,13 ABBENDA ANJA GOUD,M,41.0,GEN,IND,402
336553,TELANGANA,2023,35 NARAYANKHED,14 B. NAGESWAR,M,27.0,SC,IND,381
336554,TELANGANA,2023,35 NARAYANKHED,15 BHUTIPIL NARSIMLU,M,47.0,SC,BARESP,340
336555,TELANGANA,2023,35 NARAYANKHED,16 P. NARSA REDDY,M,58.0,GEN,IND,157
336556,TELANGANA,2023,35 NARAYANKHED,17 K. RAMESH NAYAK,M,28.0,ST,NRCP,148
336557,TELANGANA,2023,35 NARAYANKHED,18 ALIGE JEEVAN,M,33.0,SC,DHRMSMJP,137
336558,TELANGANA,2023,35 NARAYANKHED,19 CHOUHAN ANKOSH,M,31.0,ST,JJSP,127
336559,TELANGANA,2023,36 ANDOLE,1 C. DAMODAR RAJANARSIMHA,M,64.0,SC,INC,114147
336560,TELANGANA,2023,36 ANDOLE,2 CHANTI KRANTHI KIRAN,M,47.0,SC,BHRS,85954
336561,TELANGANA,2023,36 ANDOLE,3 BABU MOHAN PALLI,M,71.0,SC,BJP,5524
336562,TELANGANA,2023,36 ANDOLE,4 RAMESH. BEGARI,M,29.0,SC,IND,1254
336563,TELANGANA,2023,36 ANDOLE,5 NADIMINTI KRISHNA,M,50.0,SC,IND,851
336564,TELANGANA,2023,36 ANDOLE,6 BEGARI AMOS,M,25.0,SC,IND,811
336565,TELANGANA,2023,36 ANDOLE,7 VATNAGARI DAVIDU,M,40.0,SC,IND,810
336566,TELANGANA,2023,36 ANDOLE,8 MUPPARAM PRAKASHAM,M,46.0,SC,BSP,762
336567,TELANGANA,2023,36 ANDOLE,9 NOTA,NOTA,NOTA,NOTA,NOTA,548
336568,TELANGANA,2023,36 ANDOLE,10 V SIVA KUMAR,M,36.0,SC,IND,527
336569,TELANGANA,2023,36 ANDOLE,11 BEGARI ASHOK,M,34.0,SC,YGATLSIP,304
336570,TELANGANA,2023,36 ANDOLE,12 GIRUKHABHAVI SUREKHA,F,37.0,SC,IND,254
336571,TELANGANA,2023,36 ANDOLE,13 POTTIGALLA MOHAN,M,42.0,SC,IND,243
336572,TELANGANA,2023,36 ANDOLE,14 N. KRANTHI KUMAR,M,31.0,SC,IND,179
336573,TELANGANA,2023,36 ANDOLE,15 KRISHNA PUMP,M,47.0,SC,IND,134
336574,TELANGANA,2023,36 ANDOLE,16 GUMMADI LAXMAN (JOHN),M,28.0,SC,BMUP,129
336575,TELANGANA,2023,36 ANDOLE,17 DEVADAS. YERRARAM.,M,31.0,SC,BCYP,112
336576,TELANGANA,2023,36 ANDOLE,18 P.KRANTHI KUMAR,M,31.0,SC,IND,109
336577,TELANGANA,2023,36 ANDOLE,19 PAVAN KASALA,M,33.0,SC,IPBP,98
336578,TELANGANA,2023,37 NARSAPUR,1 VAKITI SUNITHA LAXMA REDDY,F,55.0,GEN,BHRS,88410
336579,TELANGANA,2023,37 NARSAPUR,2 AAVULA RAJI REDDY,M,52.0,GEN,INC,79555
336580,TELANGANA,2023,37 NARSAPUR,3 ARRA GOLLA MURLIDHAR YADAV,M,65.0,GEN,BJP,22865
336581,TELANGANA,2023,37 NARSAPUR,4 NOTA,NOTA,NOTA,NOTA,NOTA,1386
336582,TELANGANA,2023,37 NARSAPUR,5 CHEKURTHI LAXMA REDDY,M,43.0,GEN,IND,1098
336583,TELANGANA,2023,37 NARSAPUR,6 K NARSIMHULU,M,59.0,ST,BSP,1090
336584,TELANGANA,2023,37 NARSAPUR,7 PILLUTLA LAKSHMI,F,38.0,GEN,IND,850
336585,TELANGANA,2023,37 NARSAPUR,8 BIDIMATTA LAXMI,F,38.0,GEN,IND,751
336586,TELANGANA,2023,37 NARSAPUR,9 DODLA NARAYAN REDDY,M,41.0,GEN,IND,695
336587,TELANGANA,2023,37 NARSAPUR,10 AGAMAIAH GOURIGARI,M,50.0,GEN,BCYP,604
336588,TELANGANA,2023,37 NARSAPUR,11 E. MADHAVI,F,38.0,GEN,IND,559
336589,TELANGANA,2023,37 NARSAPUR,12 JANAPATI NARSIMLU,M,26.0,GEN,IPBP,199
336590,TELANGANA,2023,38 ZAHIRABAD,1 KONINTY MANIK RAO,M,68.0,SC,BHRS,97205
336591,TELANGANA,2023,38 ZAHIRABAD,2 A.CHANDRASEKHAR,M,64.0,SC,INC,84415
336592,TELANGANA,2023,38 ZAHIRABAD,3 RAMCHANDER RAJANARSIMHA CILARAPU,M,54.0,SC,BJP,13645
336593,TELANGANA,2023,38 ZAHIRABAD,4 JANGAM GOPI,M,55.0,SC,BSP,5251
336594,TELANGANA,2023,38 ZAHIRABAD,5 DIGWAL RAMESH,M,41.0,SC,IND,1630
336595,TELANGANA,2023,38 ZAHIRABAD,6 NARSIMULU,M,44.0,SC,AODRP,1174
336596,TELANGANA,2023,38 ZAHIRABAD,7 PRAVEEN,M,37.0,SC,IND,1135
336597,TELANGANA,2023,38 ZAHIRABAD,8 RAMULU HUGGELLY,M,34.0,SC,IND,668
336598,TELANGANA,2023,38 ZAHIRABAD,9 NOTA,NOTA,NOTA,NOTA,NOTA,613
336599,TELANGANA,2023,38 ZAHIRABAD,10 K. GUNDAMMA,F,38.0,SC,IND,511
336600,TELANGANA,2023,38 ZAHIRABAD,11 MOGUDAM PALLY ASHAPPA,M,38.0,SC,IND,497
336601,TELANGANA,2023,38 ZAHIRABAD,12 CH. RUBEN,M,31.0,SC,PRJVLGUP,494
336602,TELANGANA,2023,38 ZAHIRABAD,12 CH. RUBEN,M,31.0,SC,PRJVLGUP,494
336603,TELANGANA,2023,38 ZAHIRABAD,13 ULLAS,M,30.0,SC,IND,317
336604,TELANGANA,2023,38 ZAHIRABAD,14 RAMESH,M,36.0,SC,TPSP,226
336605,TELANGANA,2023,38 ZAHIRABAD,15 NAVODAYA SIDHU,M,36.0,SC,VTRP,190
336606,TELANGANA,2023,38 ZAHIRABAD,16 MYATRI MAHENDAR,M,37.0,SC,DHRMSMJP,186
336607,TELANGANA,2023,38 ZAHIRABAD,17 B CHANDRAKANTH,M,36.0,SC,BMUP,183
336608,TELANGANA,2023,38 ZAHIRABAD,18 MARRI DURGESH,M,40.0,SC,RPI,180
336609,TELANGANA,2023,38 ZAHIRABAD,19 KISHAN,M,44.0,SC,BHRTSWDCNG,151
336610,TELANGANA,2023,38 ZAHIRABAD,20 SHIVASHANKAR,M,30.0,SC,IND,137
336611,TELANGANA,2023,38 ZAHIRABAD,21 MARK BABU,M,38.0,SC,IPBP,114
336612,TELANGANA,2023,38 ZAHIRABAD,22 SRINIVAS,M,37.0,SC,IND,85
336613,TELANGANA,2023,38 ZAHIRABAD,23 HEMANAND TABLA,M,32.0,SC,IND,82
336614,TELANGANA,2023,39 SANGAREDDY,1 CHINTA PRABHAKAR,M,63.0,GEN,BHRS,83112
336615,TELANGANA,2023,39 SANGAREDDY,1 CHINTA PRABHAKAR,M,63.0,GEN,BHRS,83112
336616,TELANGANA,2023,39 SANGAREDDY,2 T. JAYAPRAKASH REDDY,M,57.0,GEN,INC,74895
336617,TELANGANA,2023,39 SANGAREDDY,3 PULIMAMIDI RAJU,M,43.0,GEN,BJP,20921
336618,TELANGANA,2023,39 SANGAREDDY,4 DODLA. VENKAT,M,37.0,GEN,TPSP,2094
336619,TELANGANA,2023,39 SANGAREDDY,5 KYASARAM PRAVIN KUMAR,M,44.0,GEN,BSP,1051
336620,TELANGANA,2023,39 SANGAREDDY,6 NOTA,NOTA,NOTA,NOTA,NOTA,811
336621,TELANGANA,2023,39 SANGAREDDY,7 KOLKUR PRATAP,M,44.0,GEN,IND,447
336622,TELANGANA,2023,39 SANGAREDDY,8 NEERADI NARSIMULU,M,33.0,SC,IND,375
336623,TELANGANA,2023,39 SANGAREDDY,9 KIRAN RATHOD,M,30.0,ST,IND,364
336624,TELANGANA,2023,39 SANGAREDDY,10 BANGARU. KRISHNA,M,37.0,SC,IND,364
336625,TELANGANA,2023,39 SANGAREDDY,11 PATLOLLA SANTOSH REDDY,M,36.0,GEN,IND,311
336626,TELANGANA,2023,39 SANGAREDDY,12 SATHYANARAYANA NAGUSANPALLI,M,37.0,GEN,IND,266
336627,TELANGANA,2023,39 SANGAREDDY,13 SATYANARAYANA GOUD KOVURI,M,38.0,GEN,BCYP,252
336628,TELANGANA,2023,39 SANGAREDDY,14 POSANPALLY BAPU REDDY,M,50.0,GEN,IND,252
336629,TELANGANA,2023,39 SANGAREDDY,15 G. HARIKANTH REDDY,M,30.0,GEN,IND,249
336630,TELANGANA,2023,39 SANGAREDDY,16 MOHAMMED JAWEED,M,35.0,GEN,DJHP,226
336631,TELANGANA,2023,39 SANGAREDDY,17 CHANDRAMOHAN,M,44.0,GEN,TECPI,218
336632,TELANGANA,2023,39 SANGAREDDY,18 SHEKER PALPANOORI,M,40.0,SC,BMUP,174
336633,TELANGANA,2023,39 SANGAREDDY,19 THUMMALAPALLY PRUTHVIRAJ,M,54.0,GEN,IND,157
